{"mean":{"confidence_interval":{"confidence_level":0.95,"lower_bound":116400517.607,"upper_bound":122251732.6625},"point_estimate":119321994.07,"standard_error":1496199.2661042733},"median":{"confidence_interval":{"confidence_level":0.95,"lower_bound":114704708.0,"upper_bound":124026416.0},"point_estimate":119354625.0,"standard_error":2283002.038914327},"median_abs_dev":{"confidence_interval":{"confidence_level":0.95,"lower_bound":11122587.317034602,"upper_bound":20705774.772799015},"point_estimate":15466050.006222725,"standard_error":2419662.546268235},"slope":null,"std_dev":{"confidence_interval":{"confidence_level":0.95,"lower_bound":13227120.09932477,"upper_bound":16683219.953506766},"point_estimate":15080728.462184874,"standard_error":882738.0107932531}}