{"mean":{"confidence_interval":{"confidence_level":0.95,"lower_bound":45572729.37975,"upper_bound":45637885.222375005},"point_estimate":45602413.77,"standard_error":16710.41509715998},"median":{"confidence_interval":{"confidence_level":0.95,"lower_bound":45557833.5,"upper_bound":45599041.5},"point_estimate":45584479.0,"standard_error":13314.632188883481},"median_abs_dev":{"confidence_interval":{"confidence_level":0.95,"lower_bound":65836.70508116484,"upper_bound":117249.19501841068},"point_estimate":91241.42628014088,"standard_error":13823.866038661294},"slope":null,"std_dev":{"confidence_interval":{"confidence_level":0.95,"lower_bound":93310.0596322505,"upper_bound":243211.79352682884},"point_estimate":167500.8348892719,"standard_error":41020.7547022022}}