{"mean":{"confidence_interval":{"confidence_level":0.95,"lower_bound":2486564.588095237,"upper_bound":2492064.666190475},"point_estimate":2489047.4614285706,"standard_error":1407.4203597448131},"median":{"confidence_interval":{"confidence_level":0.95,"lower_bound":2484230.1904761903,"upper_bound":2487200.3809523806},"point_estimate":2485193.4523809524,"standard_error":916.1244257957433},"median_abs_dev":{"confidence_interval":{"confidence_level":0.95,"lower_bound":6148.059690850385,"upper_bound":10773.877508725258},"point_estimate":7964.562358601065,"standard_error":1285.9132750626343},"slope":null,"std_dev":{"confidence_interval":{"confidence_level":0.95,"lower_bound":8691.67577241176,"upper_bound":20173.43418452553},"point_estimate":14133.672718051923,"standard_error":3352.2616555420745}}