{"mean":{"confidence_interval":{"confidence_level":0.95,"lower_bound":2645363.7941184207,"upper_bound":2654910.0802894733},"point_estimate":2650288.5126315774,"standard_error":2439.017917534848},"median":{"confidence_interval":{"confidence_level":0.95,"lower_bound":2648326.736842105,"upper_bound":2654208.3157894737},"point_estimate":2651394.736842105,"standard_error":1430.33299689231},"median_abs_dev":{"confidence_interval":{"confidence_level":0.95,"lower_bound":8498.887301745986,"upper_bound":15895.735608978486},"point_estimate":11690.066697723314,"standard_error":1886.7239374172182},"slope":null,"std_dev":{"confidence_interval":{"confidence_level":0.95,"lower_bound":17187.418267416455,"upper_bound":31238.701200484888},"point_estimate":24619.35930838005,"standard_error":3594.5769088825723}}