{"mean":{"confidence_interval":{"confidence_level":0.95,"lower_bound":160498897.76999998,"upper_bound":161670574.16175002},"point_estimate":161088985.37,"standard_error":297763.48602698935},"median":{"confidence_interval":{"confidence_level":0.95,"lower_bound":160490979.0,"upper_bound":162031750.0},"point_estimate":161608229.0,"standard_error":397737.6842592138},"median_abs_dev":{"confidence_interval":{"confidence_level":0.95,"lower_bound":2009910.3759169579,"upper_bound":3588663.6295884848},"point_estimate":2788709.022590518,"standard_error":408861.281129272},"slope":null,"std_dev":{"confidence_interval":{"confidence_level":0.95,"lower_bound":2590271.2110751183,"upper_bound":3364989.3621531986},"point_estimate":3003019.188483109,"standard_error":197341.34179140403}}