{"mean":{"confidence_interval":{"confidence_level":0.95,"lower_bound":160177532.55,"upper_bound":161568431.67},"point_estimate":160871732.09,"standard_error":355324.59137138526},"median":{"confidence_interval":{"confidence_level":0.95,"lower_bound":160007708.0,"upper_bound":161640187.0},"point_estimate":160828833.5,"standard_error":416952.11628349655},"median_abs_dev":{"confidence_interval":{"confidence_level":0.95,"lower_bound":2674425.0275194645,"upper_bound":4600724.919220805},"point_estimate":3701156.6438913345,"standard_error":498271.6160696439},"slope":null,"std_dev":{"confidence_interval":{"confidence_level":0.95,"lower_bound":3055836.9361271816,"upper_bound":4028824.609766475},"point_estimate":3554022.259179337,"standard_error":248605.52050224462}}