{"mean":{"confidence_interval":{"confidence_level":0.95,"lower_bound":9324196.91691667,"upper_bound":9378130.372499997},"point_estimate":9349415.425000004,"standard_error":13803.276021475604},"median":{"confidence_interval":{"confidence_level":0.95,"lower_bound":9299833.333333334,"upper_bound":9333100.666666666},"point_estimate":9317121.583333332,"standard_error":8262.287773668815},"median_abs_dev":{"confidence_interval":{"confidence_level":0.95,"lower_bound":65239.587941765785,"upper_bound":109125.53556263493},"point_estimate":88693.57822537422,"standard_error":11558.520518535051},"slope":null,"std_dev":{"confidence_interval":{"confidence_level":0.95,"lower_bound":87731.58913432129,"upper_bound":181683.35609291456},"point_estimate":138835.82261742096,"standard_error":23785.991484465878}}