{"mean":{"confidence_interval":{"confidence_level":0.95,"lower_bound":10288004.938150004,"upper_bound":10419038.535199998},"point_estimate":10354951.660000004,"standard_error":33409.07877222321},"median":{"confidence_interval":{"confidence_level":0.95,"lower_bound":10374333.4,"upper_bound":10459866.6},"point_estimate":10421695.8,"standard_error":19726.167475356942},"median_abs_dev":{"confidence_interval":{"confidence_level":0.95,"lower_bound":153560.29227375984,"upper_bound":282429.06806588144},"point_estimate":217571.54613733155,"standard_error":31894.569628227688},"slope":null,"std_dev":{"confidence_interval":{"confidence_level":0.95,"lower_bound":275986.5461161537,"upper_bound":387297.57190403383},"point_estimate":336410.5996449481,"standard_error":28426.87690816971}}