{"mean":{"confidence_interval":{"confidence_level":0.95,"lower_bound":43725238.168375,"upper_bound":44447808.13},"point_estimate":44085197.275,"standard_error":184520.0972850055},"median":{"confidence_interval":{"confidence_level":0.95,"lower_bound":43519291.5,"upper_bound":44269062.5},"point_estimate":43948093.5,"standard_error":190032.69376134814},"median_abs_dev":{"confidence_interval":{"confidence_level":0.95,"lower_bound":1381814.310067892,"upper_bound":2248316.899484396},"point_estimate":1828987.9598289728,"standard_error":222983.59160370388},"slope":null,"std_dev":{"confidence_interval":{"confidence_level":0.95,"lower_bound":1599180.4483682602,"upper_bound":2071600.8210139403},"point_estimate":1849151.9739468163,"standard_error":120294.83068637624}}