{"mean":{"confidence_interval":{"confidence_level":0.95,"lower_bound":43770936.194,"upper_bound":44420676.60675},"point_estimate":44095910.82,"standard_error":164917.53109382326},"median":{"confidence_interval":{"confidence_level":0.95,"lower_bound":43761177.0,"upper_bound":44552312.5},"point_estimate":44271979.25,"standard_error":216835.93384766695},"median_abs_dev":{"confidence_interval":{"confidence_level":0.95,"lower_bound":1218357.6629698277,"upper_bound":2050902.764056693},"point_estimate":1579648.3734056354,"standard_error":210196.45975387897},"slope":null,"std_dev":{"confidence_interval":{"confidence_level":0.95,"lower_bound":1418478.5355471172,"upper_bound":1874248.870148828},"point_estimate":1656631.9790258594,"standard_error":116885.8138380631}}