{"mean":{"confidence_interval":{"confidence_level":0.95,"lower_bound":43426814.540625,"upper_bound":44001340.79175},"point_estimate":43715559.37,"standard_error":146887.53700754268},"median":{"confidence_interval":{"confidence_level":0.95,"lower_bound":43396218.75,"upper_bound":44162322.75},"point_estimate":43675427.0,"standard_error":206658.52372127114},"median_abs_dev":{"confidence_interval":{"confidence_level":0.95,"lower_bound":1350216.0274788737,"upper_bound":2208332.660794258},"point_estimate":1873388.4931907058,"standard_error":222751.6649061468},"slope":null,"std_dev":{"confidence_interval":{"confidence_level":0.95,"lower_bound":1307374.0224320279,"upper_bound":1603724.4246244116},"point_estimate":1465924.407360341,"standard_error":75616.86250157749}}