{"mean":{"confidence_interval":{"confidence_level":0.95,"lower_bound":55836347.249249995,"upper_bound":57072865.2775},"point_estimate":56449002.42,"standard_error":315927.4109659014},"median":{"confidence_interval":{"confidence_level":0.95,"lower_bound":55173417.0,"upper_bound":57300208.0},"point_estimate":56429708.0,"standard_error":551760.7098777634},"median_abs_dev":{"confidence_interval":{"confidence_level":0.95,"lower_bound":2594919.8626309633,"upper_bound":4047436.40024364},"point_estimate":3343386.73774302,"standard_error":380014.5987613626},"slope":null,"std_dev":{"confidence_interval":{"confidence_level":0.95,"lower_bound":2762812.073289009,"upper_bound":3551407.5248039835},"point_estimate":3177806.1362058194,"standard_error":201184.87387222066}}