{"mean":{"confidence_interval":{"confidence_level":0.95,"lower_bound":57030395.7545,"upper_bound":58325754.492},"point_estimate":57672711.64,"standard_error":330955.5677463552},"median":{"confidence_interval":{"confidence_level":0.95,"lower_bound":56547584.0,"upper_bound":58430771.0},"point_estimate":57639145.5,"standard_error":499249.2220925049},"median_abs_dev":{"confidence_interval":{"confidence_level":0.95,"lower_bound":2599492.942249775,"upper_bound":4157951.6261816025},"point_estimate":3377826.0525316,"standard_error":397602.70128493034},"slope":null,"std_dev":{"confidence_interval":{"confidence_level":0.95,"lower_bound":2876330.473923598,"upper_bound":3698241.901895514},"point_estimate":3312117.187101167,"standard_error":209787.36985396795}}