{"mean":{"confidence_interval":{"confidence_level":0.95,"lower_bound":754285642.67375,"upper_bound":755551827.7777499},"point_estimate":754918410.01,"standard_error":322203.56270736625},"median":{"confidence_interval":{"confidence_level":0.95,"lower_bound":754460250.0,"upper_bound":755642312.5},"point_estimate":755153687.5,"standard_error":284531.10786781105},"median_abs_dev":{"confidence_interval":{"confidence_level":0.95,"lower_bound":1800181.5797828888,"upper_bound":2890946.892875433},"point_estimate":2599338.0105525255,"standard_error":291039.1177133065},"slope":null,"std_dev":{"confidence_interval":{"confidence_level":0.95,"lower_bound":2587296.7384014353,"upper_bound":3847431.4512120504},"point_estimate":3239684.8771463865,"standard_error":322968.8499228109}}