{"mean":{"confidence_interval":{"confidence_level":0.95,"lower_bound":795291738.9447501,"upper_bound":796898663.65775},"point_estimate":796134485.43,"standard_error":410654.58031982026},"median":{"confidence_interval":{"confidence_level":0.95,"lower_bound":796078417.0,"upper_bound":797321708.5},"point_estimate":796788792.0,"standard_error":304134.18392693554},"median_abs_dev":{"confidence_interval":{"confidence_level":0.95,"lower_bound":2184456.870818138,"upper_bound":3427105.2293667165},"point_estimate":2869788.708651066,"standard_error":311215.36733953585},"slope":null,"std_dev":{"confidence_interval":{"confidence_level":0.95,"lower_bound":2898756.601642795,"upper_bound":5195005.739874009},"point_estimate":4141621.0641791206,"standard_error":588220.9572728917}}