{"mean":{"confidence_interval":{"confidence_level":0.95,"lower_bound":35959875.637125,"upper_bound":36371952.340125},"point_estimate":36162785.655,"standard_error":104927.2442362462},"median":{"confidence_interval":{"confidence_level":0.95,"lower_bound":35829896.0,"upper_bound":36356094.0},"point_estimate":36140219.0,"standard_error":126402.93125861186},"median_abs_dev":{"confidence_interval":{"confidence_level":0.95,"lower_bound":748960.2102532983,"upper_bound":1259622.8680372238},"point_estimate":947474.78697896,"standard_error":124711.36710645388},"slope":null,"std_dev":{"confidence_interval":{"confidence_level":0.95,"lower_bound":876409.6386947894,"upper_bound":1224092.331560688},"point_estimate":1056002.404621238,"standard_error":88959.74110798066}}