{"mean":{"confidence_interval":{"confidence_level":0.95,"lower_bound":50397851.7185,"upper_bound":50548102.1915},"point_estimate":50471805.51,"standard_error":38325.74766150244},"median":{"confidence_interval":{"confidence_level":0.95,"lower_bound":50364312.5,"upper_bound":50521917.0},"point_estimate":50433229.0,"standard_error":36644.62565630871},"median_abs_dev":{"confidence_interval":{"confidence_level":0.95,"lower_bound":248087.14156307286,"upper_bound":387237.35899016244},"point_estimate":302203.54173481464,"standard_error":34024.14537668251},"slope":null,"std_dev":{"confidence_interval":{"confidence_level":0.95,"lower_bound":309107.82921173156,"upper_bound":452771.6588840731},"point_estimate":382415.5296700146,"standard_error":36844.48268430179}}