{"mean":{"confidence_interval":{"confidence_level":0.95,"lower_bound":10424508.133250002,"upper_bound":10544341.356399996},"point_estimate":10484126.162000002,"standard_error":30534.961525029208},"median":{"confidence_interval":{"confidence_level":0.95,"lower_bound":10410775.0,"upper_bound":10559629.2},"point_estimate":10486783.2,"standard_error":36765.39660986111},"median_abs_dev":{"confidence_interval":{"confidence_level":0.95,"lower_bound":260134.61922168787,"upper_bound":409284.0283137557},"point_estimate":344210.4915690433,"standard_error":38875.33127939025},"slope":null,"std_dev":{"confidence_interval":{"confidence_level":0.95,"lower_bound":267735.44187621033,"upper_bound":344884.9503059407},"point_estimate":308110.3482752914,"standard_error":19711.88364906916}}