{"mean":{"confidence_interval":{"confidence_level":0.95,"lower_bound":63614512.537,"upper_bound":63824069.25525},"point_estimate":63721366.31,"standard_error":53614.577350028136},"median":{"confidence_interval":{"confidence_level":0.95,"lower_bound":63712479.0,"upper_bound":63890729.0},"point_estimate":63820104.5,"standard_error":49505.83031276428},"median_abs_dev":{"confidence_interval":{"confidence_level":0.95,"lower_bound":465782.50333070755,"upper_bound":706830.2787512541},"point_estimate":564963.9937698841,"standard_error":59871.38035723314},"slope":null,"std_dev":{"confidence_interval":{"confidence_level":0.95,"lower_bound":468809.00094756356,"upper_bound":597858.7042642332},"point_estimate":538382.7842021572,"standard_error":32923.9819858317}}