{"mean":{"confidence_interval":{"confidence_level":0.95,"lower_bound":141670261.81825,"upper_bound":141990780.35},"point_estimate":141831659.61,"standard_error":81850.75332845385},"median":{"confidence_interval":{"confidence_level":0.95,"lower_bound":141931062.5,"upper_bound":142192958.0},"point_estimate":142073042.0,"standard_error":65467.77915831595},"median_abs_dev":{"confidence_interval":{"confidence_level":0.95,"lower_bound":449165.5228257179,"upper_bound":1028338.0134433508},"point_estimate":739632.061868906,"standard_error":153642.53536243027},"slope":null,"std_dev":{"confidence_interval":{"confidence_level":0.95,"lower_bound":731306.6084719083,"upper_bound":896162.0040730785},"point_estimate":822132.395628328,"standard_error":42048.466642265754}}