{"mean":{"confidence_interval":{"confidence_level":0.95,"lower_bound":237338465.991,"upper_bound":237646943.495},"point_estimate":237485134.1,"standard_error":78353.40967206241},"median":{"confidence_interval":{"confidence_level":0.95,"lower_bound":237292145.5,"upper_bound":237489583.5},"point_estimate":237396771.0,"standard_error":61789.46461511565},"median_abs_dev":{"confidence_interval":{"confidence_level":0.95,"lower_bound":402835.01494824886,"upper_bound":736634.9860221148},"point_estimate":584638.095420599,"standard_error":87736.95636624433},"slope":null,"std_dev":{"confidence_interval":{"confidence_level":0.95,"lower_bound":561010.6028790338,"upper_bound":1046023.9330978572},"point_estimate":788525.9067433001,"standard_error":133129.15803814877}}