{"mean":{"confidence_interval":{"confidence_level":0.95,"lower_bound":144634363.77725002,"upper_bound":144840623.39},"point_estimate":144740778.8,"standard_error":52468.84727971891},"median":{"confidence_interval":{"confidence_level":0.95,"lower_bound":144682500.0,"upper_bound":144894167.0},"point_estimate":144818625.0,"standard_error":56341.22496195422},"median_abs_dev":{"confidence_interval":{"confidence_level":0.95,"lower_bound":285462.76413202286,"upper_bound":438664.2672121525},"point_estimate":347700.0871270895,"standard_error":36593.68450140104},"slope":null,"std_dev":{"confidence_interval":{"confidence_level":0.95,"lower_bound":405031.1762564239,"upper_bound":629287.0372344875},"point_estimate":526417.2209757564,"standard_error":57285.56603962905}}