{"mean":{"confidence_interval":{"confidence_level":0.95,"lower_bound":68730811.60624999,"upper_bound":69004622.85},"point_estimate":68865687.94,"standard_error":70027.86869888338},"median":{"confidence_interval":{"confidence_level":0.95,"lower_bound":68719875.0,"upper_bound":68966000.0},"point_estimate":68870854.0,"standard_error":63177.77079041849},"median_abs_dev":{"confidence_interval":{"confidence_level":0.95,"lower_bound":339576.9218713045,"upper_bound":703219.5177103572},"point_estimate":457783.1351727247,"standard_error":89044.41663028051},"slope":null,"std_dev":{"confidence_interval":{"confidence_level":0.95,"lower_bound":586360.8898739798,"upper_bound":804644.7457259743},"point_estimate":703383.1338776413,"standard_error":55764.1764717563}}