{"mean":{"confidence_interval":{"confidence_level":0.95,"lower_bound":68542772.751,"upper_bound":68816205.52524999},"point_estimate":68677712.55,"standard_error":69737.01789654994},"median":{"confidence_interval":{"confidence_level":0.95,"lower_bound":68341792.0,"upper_bound":68552625.0},"point_estimate":68451708.5,"standard_error":47229.98789366918},"median_abs_dev":{"confidence_interval":{"confidence_level":0.95,"lower_bound":406912.9061758518,"upper_bound":798473.5081567613},"point_estimate":598321.7518776655,"standard_error":93491.22576549198},"slope":null,"std_dev":{"confidence_interval":{"confidence_level":0.95,"lower_bound":622149.1102590532,"upper_bound":771335.9719510003},"point_estimate":703188.9075866861,"standard_error":37945.31012168321}}