{"mean":{"confidence_interval":{"confidence_level":0.95,"lower_bound":540302775.6427499,"upper_bound":547765127.07775},"point_estimate":543991902.46,"standard_error":1895116.2662451288},"median":{"confidence_interval":{"confidence_level":0.95,"lower_bound":539166875.0,"upper_bound":548406000.0},"point_estimate":542628750.0,"standard_error":2283270.6097136964},"median_abs_dev":{"confidence_interval":{"confidence_level":0.95,"lower_bound":12581467.173734307,"upper_bound":21535875.826361775},"point_estimate":15340894.105544686,"standard_error":2308028.6045518643},"slope":null,"std_dev":{"confidence_interval":{"confidence_level":0.95,"lower_bound":16106009.303438256,"upper_bound":21636093.21914917},"point_estimate":19029968.51250297,"standard_error":1415803.0584360322}}