{"mean":{"confidence_interval":{"confidence_level":0.95,"lower_bound":11329847.877049997,"upper_bound":11450184.827100005},"point_estimate":11389659.750000002,"standard_error":30747.487376874364},"median":{"confidence_interval":{"confidence_level":0.95,"lower_bound":11313875.0,"upper_bound":11427700.0},"point_estimate":11373929.2,"standard_error":30377.910807085038},"median_abs_dev":{"confidence_interval":{"confidence_level":0.95,"lower_bound":170362.89429545292,"upper_bound":301912.95213997364},"point_estimate":222705.04854619366,"standard_error":33975.137809608015},"slope":null,"std_dev":{"confidence_interval":{"confidence_level":0.95,"lower_bound":252043.21272997517,"upper_bound":360337.3632635859},"point_estimate":308311.0101294317,"standard_error":27559.62075365742}}