{"mean":{"confidence_interval":{"confidence_level":0.95,"lower_bound":10993170.146450002,"upper_bound":11104947.598550001},"point_estimate":11047301.328,"standard_error":28483.14677645311},"median":{"confidence_interval":{"confidence_level":0.95,"lower_bound":10942208.2,"upper_bound":11064175.0},"point_estimate":11002733.3,"standard_error":29195.914953513813},"median_abs_dev":{"confidence_interval":{"confidence_level":0.95,"lower_bound":193986.0492360603,"upper_bound":325504.8242211342},"point_estimate":252684.40609395615,"standard_error":33775.08204477741},"slope":null,"std_dev":{"confidence_interval":{"confidence_level":0.95,"lower_bound":222674.9129828552,"upper_bound":348576.9640097527},"point_estimate":286555.69813893025,"standard_error":32462.649602761543}}