{"mean":{"confidence_interval":{"confidence_level":0.95,"lower_bound":53365743.3285,"upper_bound":53498204.19},"point_estimate":53428825.4,"standard_error":33812.104740454015},"median":{"confidence_interval":{"confidence_level":0.95,"lower_bound":53301334.0,"upper_bound":53450208.5},"point_estimate":53363687.5,"standard_error":41160.39257787821},"median_abs_dev":{"confidence_interval":{"confidence_level":0.95,"lower_bound":207193.3463215828,"upper_bound":358170.94944119453},"point_estimate":263717.470318079,"standard_error":40853.61571752639},"slope":null,"std_dev":{"confidence_interval":{"confidence_level":0.95,"lower_bound":248985.06633671667,"upper_bound":443377.4064477565},"point_estimate":340501.8602855188,"standard_error":51790.54068102904}}