{"mean":{"confidence_interval":{"confidence_level":0.95,"lower_bound":54735581.91625,"upper_bound":54900020.853},"point_estimate":54819152.14,"standard_error":42059.769293454934},"median":{"confidence_interval":{"confidence_level":0.95,"lower_bound":54801083.0,"upper_bound":54906416.5},"point_estimate":54859645.5,"standard_error":27619.622880974606},"median_abs_dev":{"confidence_interval":{"confidence_level":0.95,"lower_bound":193015.9840732813,"upper_bound":327499.6624857187},"point_estimate":249601.63596868515,"standard_error":33571.09483010936},"slope":null,"std_dev":{"confidence_interval":{"confidence_level":0.95,"lower_bound":331057.6896219112,"upper_bound":504824.4818244831},"point_estimate":423175.4863656073,"standard_error":44480.94064946217}}