{"mean":{"confidence_interval":{"confidence_level":0.95,"lower_bound":110086733.066,"upper_bound":110464703.342},"point_estimate":110256680.8,"standard_error":96758.99090832044},"median":{"confidence_interval":{"confidence_level":0.95,"lower_bound":109949916.0,"upper_bound":110304979.0},"point_estimate":110168416.5,"standard_error":81586.24290977881},"median_abs_dev":{"confidence_interval":{"confidence_level":0.95,"lower_bound":505072.88523316383,"upper_bound":848727.6983320713},"point_estimate":683726.1820614338,"standard_error":85565.66111665919},"slope":null,"std_dev":{"confidence_interval":{"confidence_level":0.95,"lower_bound":580536.9429301433,"upper_bound":1410914.4198018601},"point_estimate":969326.6860159304,"standard_error":250437.93199314535}}