{"mean":{"confidence_interval":{"confidence_level":0.95,"lower_bound":119515334.01475,"upper_bound":120087832.89},"point_estimate":119795179.55,"standard_error":145890.3555387265},"median":{"confidence_interval":{"confidence_level":0.95,"lower_bound":119291625.0,"upper_bound":119968417.0},"point_estimate":119652375.5,"standard_error":208161.55135694737},"median_abs_dev":{"confidence_interval":{"confidence_level":0.95,"lower_bound":947189.1270290321,"upper_bound":1556915.2973592281},"point_estimate":1252518.248963356,"standard_error":161925.5753730404},"slope":null,"std_dev":{"confidence_interval":{"confidence_level":0.95,"lower_bound":1165804.3961029635,"upper_bound":1739282.6101852702},"point_estimate":1465643.9588451213,"standard_error":146888.26267860315}}