{"mean":{"confidence_interval":{"confidence_level":0.95,"lower_bound":260490729.783,"upper_bound":262096763.638},"point_estimate":261279536.18,"standard_error":407914.21500586893},"median":{"confidence_interval":{"confidence_level":0.95,"lower_bound":260275541.5,"upper_bound":262195083.0},"point_estimate":261071583.5,"standard_error":520858.27683133667},"median_abs_dev":{"confidence_interval":{"confidence_level":0.95,"lower_bound":3057953.551480472,"upper_bound":4775176.52772367},"point_estimate":4052873.0943471193,"standard_error":441062.3097769118},"slope":null,"std_dev":{"confidence_interval":{"confidence_level":0.95,"lower_bound":3353813.168616912,"upper_bound":4863871.214716625},"point_estimate":4117088.666397923,"standard_error":387090.0594385043}}