{"mean":{"confidence_interval":{"confidence_level":0.95,"lower_bound":237527974.057,"upper_bound":238877660.46},"point_estimate":238200818.75,"standard_error":343424.35535757494},"median":{"confidence_interval":{"confidence_level":0.95,"lower_bound":236914125.0,"upper_bound":239068667.0},"point_estimate":237854271.0,"standard_error":552015.1053498343},"median_abs_dev":{"confidence_interval":{"confidence_level":0.95,"lower_bound":2936782.95366168,"upper_bound":4641062.758004665},"point_estimate":3794745.7672297955,"standard_error":434278.75861433015},"slope":null,"std_dev":{"confidence_interval":{"confidence_level":0.95,"lower_bound":3038117.3985560094,"upper_bound":3791365.821461292},"point_estimate":3434800.3323055687,"standard_error":191679.27852122235}}