{"mean":{"confidence_interval":{"confidence_level":0.95,"lower_bound":9855398.912000002,"upper_bound":9968271.677049996},"point_estimate":9911167.330000002,"standard_error":28841.698004850296},"median":{"confidence_interval":{"confidence_level":0.95,"lower_bound":9807841.6,"upper_bound":10013716.6},"point_estimate":9929154.1,"standard_error":49238.921084787195},"median_abs_dev":{"confidence_interval":{"confidence_level":0.95,"lower_bound":241812.05570697784,"upper_bound":382294.7820994111},"point_estimate":319747.29548335023,"standard_error":36351.60056052814},"slope":null,"std_dev":{"confidence_interval":{"confidence_level":0.95,"lower_bound":253289.24370798,"upper_bound":321038.6465792684},"point_estimate":289299.39570935833,"standard_error":17295.282935833166}}