{"mean":{"confidence_interval":{"confidence_level":0.95,"lower_bound":10367877.83095,"upper_bound":10540076.96165},"point_estimate":10451945.083999997,"standard_error":44034.45475853033},"median":{"confidence_interval":{"confidence_level":0.95,"lower_bound":10307508.2,"upper_bound":10488383.4},"point_estimate":10396541.7,"standard_error":46080.8131638769},"median_abs_dev":{"confidence_interval":{"confidence_level":0.95,"lower_bound":318777.82336056395,"upper_bound":504973.55103492737},"point_estimate":431751.64483487606,"standard_error":46590.64035966398},"slope":null,"std_dev":{"confidence_interval":{"confidence_level":0.95,"lower_bound":362618.8825875753,"upper_bound":518130.885055185},"point_estimate":442574.71244117693,"standard_error":39916.046583917945}}