{"mean":{"confidence_interval":{"confidence_level":0.95,"lower_bound":46588488.16,"upper_bound":46692505.937875},"point_estimate":46641991.065,"standard_error":26485.21740906716},"median":{"confidence_interval":{"confidence_level":0.95,"lower_bound":46618812.5,"upper_bound":46714656.25},"point_estimate":46671698.0,"standard_error":22810.339599003906},"median_abs_dev":{"confidence_interval":{"confidence_level":0.95,"lower_bound":139271.73502743244,"upper_bound":222699.48879629374},"point_estimate":188521.85290306807,"standard_error":21685.826972834533},"slope":null,"std_dev":{"confidence_interval":{"confidence_level":0.95,"lower_bound":214561.45492997055,"upper_bound":310358.648960124},"point_estimate":266531.7764624238,"standard_error":24482.110522680185}}