{"mean":{"confidence_interval":{"confidence_level":0.95,"lower_bound":45513217.286375,"upper_bound":45677648.185624994},"point_estimate":45595953.365,"standard_error":42067.208772486454},"median":{"confidence_interval":{"confidence_level":0.95,"lower_bound":45446125.0,"upper_bound":45827677.0},"point_estimate":45659187.5,"standard_error":125748.13124808851},"median_abs_dev":{"confidence_interval":{"confidence_level":0.95,"lower_bound":371313.8275578618,"upper_bound":655510.0806623697},"point_estimate":400765.30538499355,"standard_error":72433.93792967203},"slope":null,"std_dev":{"confidence_interval":{"confidence_level":0.95,"lower_bound":376330.2833140699,"upper_bound":459666.36317068094},"point_estimate":422185.06427720387,"standard_error":21259.659841068144}}