{"mean":{"confidence_interval":{"confidence_level":0.95,"lower_bound":126526380.822,"upper_bound":126994107.80075},"point_estimate":126760463.36,"standard_error":119486.60577858257},"median":{"confidence_interval":{"confidence_level":0.95,"lower_bound":126606291.0,"upper_bound":127114521.0},"point_estimate":126831229.5,"standard_error":156430.90066558513},"median_abs_dev":{"confidence_interval":{"confidence_level":0.95,"lower_bound":986053.5208940506,"upper_bound":1555247.3909213392},"point_estimate":1297120.7865715027,"standard_error":147210.46530720958},"slope":null,"std_dev":{"confidence_interval":{"confidence_level":0.95,"lower_bound":1053840.0745640649,"upper_bound":1334540.7243436591},"point_estimate":1204261.6731351677,"standard_error":71380.6017527253}}