{"mean":{"confidence_interval":{"confidence_level":0.95,"lower_bound":13769824.002062501,"upper_bound":13980185.2445625},"point_estimate":13873903.96,"standard_error":53848.32576679029},"median":{"confidence_interval":{"confidence_level":0.95,"lower_bound":13425786.5,"upper_bound":14189947.875},"point_estimate":13600843.75,"standard_error":259682.17983875048},"median_abs_dev":{"confidence_interval":{"confidence_level":0.95,"lower_bound":146144.32720541954,"upper_bound":919381.7413777113},"point_estimate":439189.2929278314,"standard_error":235086.3443638163},"slope":null,"std_dev":{"confidence_interval":{"confidence_level":0.95,"lower_bound":485121.9849537055,"upper_bound":593039.0615950149},"point_estimate":540774.051092043,"standard_error":27676.84678214413}}