{"mean":{"confidence_interval":{"confidence_level":0.95,"lower_bound":14697138.300375,"upper_bound":14907392.3848125},"point_estimate":14802411.6525,"standard_error":53564.20275038118},"median":{"confidence_interval":{"confidence_level":0.95,"lower_bound":14678927.0,"upper_bound":15224125.0},"point_estimate":15082265.625,"standard_error":199796.8822553724},"median_abs_dev":{"confidence_interval":{"confidence_level":0.95,"lower_bound":216073.3788639307,"upper_bound":831398.6991897225},"point_estimate":480563.28376829624,"standard_error":213516.3419784639},"slope":null,"std_dev":{"confidence_interval":{"confidence_level":0.95,"lower_bound":503892.21663203987,"upper_bound":565274.101099189},"point_estimate":538914.2173461698,"standard_error":15535.384168221459}}