{"mean":{"confidence_interval":{"confidence_level":0.95,"lower_bound":13709356.335,"upper_bound":13975761.6575},"point_estimate":13843310.6125,"standard_error":68170.91325700805},"median":{"confidence_interval":{"confidence_level":0.95,"lower_bound":13991656.25,"upper_bound":14274937.5},"point_estimate":14032697.875,"standard_error":95781.20179355264},"median_abs_dev":{"confidence_interval":{"confidence_level":0.95,"lower_bound":350820.4040966928,"upper_bound":1105417.2741249204},"point_estimate":676281.8622685969,"standard_error":181295.91283549584},"slope":null,"std_dev":{"confidence_interval":{"confidence_level":0.95,"lower_bound":630907.3127118396,"upper_bound":722340.9060391093},"point_estimate":683705.8519291241,"standard_error":23124.467635767578}}