{"mean":{"confidence_interval":{"confidence_level":0.95,"lower_bound":10653117.248000002,"upper_bound":10862375.893},"point_estimate":10756923.418000001,"standard_error":53730.72424547561},"median":{"confidence_interval":{"confidence_level":0.95,"lower_bound":10575949.899999999,"upper_bound":10825958.2},"point_estimate":10663904.2,"standard_error":69582.5563230717},"median_abs_dev":{"confidence_interval":{"confidence_level":0.95,"lower_bound":404156.45630478696,"upper_bound":684195.1284331067},"point_estimate":560255.9975534678,"standard_error":73870.49606087973},"slope":null,"std_dev":{"confidence_interval":{"confidence_level":0.95,"lower_bound":466930.27428027743,"upper_bound":609298.2645738631},"point_estimate":541884.7888749711,"standard_error":36354.404921831214}}