{"mean":{"confidence_interval":{"confidence_level":0.95,"lower_bound":64062322.078999996,"upper_bound":64360903.72},"point_estimate":64208878.65,"standard_error":75734.08449102145},"median":{"confidence_interval":{"confidence_level":0.95,"lower_bound":63616083.0,"upper_bound":64680625.0},"point_estimate":64455542.0,"standard_error":434470.18130234326},"median_abs_dev":{"confidence_interval":{"confidence_level":0.95,"lower_bound":330991.1854237318,"upper_bound":1294372.0462203026},"point_estimate":1135734.5903366804,"standard_error":297237.5841255196},"slope":null,"std_dev":{"confidence_interval":{"confidence_level":0.95,"lower_bound":656268.7244436775,"upper_bound":894849.1100469824},"point_estimate":760567.2417128644,"standard_error":65026.09360696449}}