{"mean":{"confidence_interval":{"confidence_level":0.95,"lower_bound":32226759.79875,"upper_bound":32246926.314875},"point_estimate":32236530.66,"standard_error":5178.3556056632215},"median":{"confidence_interval":{"confidence_level":0.95,"lower_bound":32219208.0,"upper_bound":32237750.0},"point_estimate":32232020.75,"standard_error":4026.783632581231},"median_abs_dev":{"confidence_interval":{"confidence_level":0.95,"lower_bound":27953.310553729534,"upper_bound":46562.90542334318},"point_estimate":36818.14644634724,"standard_error":4880.551079148616},"slope":null,"std_dev":{"confidence_interval":{"confidence_level":0.95,"lower_bound":39506.78286439967,"upper_bound":63759.629787345024},"point_estimate":52103.473610714536,"standard_error":6187.724545303004}}