{"mean":{"confidence_interval":{"confidence_level":0.95,"lower_bound":200077661.17775002,"upper_bound":201231766.22},"point_estimate":200620097.91,"standard_error":295510.03904605104},"median":{"confidence_interval":{"confidence_level":0.95,"lower_bound":199552250.0,"upper_bound":200655000.0},"point_estimate":200248500.5,"standard_error":301391.8230026574},"median_abs_dev":{"confidence_interval":{"confidence_level":0.95,"lower_bound":1456252.6895463467,"upper_bound":2526737.202546444},"point_estimate":1985417.8243517876,"standard_error":278398.7036121045},"slope":null,"std_dev":{"confidence_interval":{"confidence_level":0.95,"lower_bound":2055872.8474131918,"upper_bound":3839312.28947204},"point_estimate":2968351.02422511,"standard_error":461218.2255733033}}