{"mean":{"confidence_interval":{"confidence_level":0.95,"lower_bound":201894703.82099998,"upper_bound":204047953.16425002},"point_estimate":202868004.13,"standard_error":551127.8414482281},"median":{"confidence_interval":{"confidence_level":0.95,"lower_bound":201027916.5,"upper_bound":201466083.0},"point_estimate":201135604.0,"standard_error":115070.6690012311},"median_abs_dev":{"confidence_interval":{"confidence_level":0.95,"lower_bound":711206.58028856,"upper_bound":1311423.4841150786},"point_estimate":1027318.7259614468,"standard_error":157967.47183532154},"slope":null,"std_dev":{"confidence_interval":{"confidence_level":0.95,"lower_bound":3076268.4895601575,"upper_bound":7447852.134510907},"point_estimate":5541669.529153283,"standard_error":1136193.3803014439}}