{"mean":{"confidence_interval":{"confidence_level":0.95,"lower_bound":38510997.125,"upper_bound":38593327.51},"point_estimate":38550324.0,"standard_error":20860.79099930766},"median":{"confidence_interval":{"confidence_level":0.95,"lower_bound":38472791.5,"upper_bound":38558958.5},"point_estimate":38518396.0,"standard_error":19190.976475572064},"median_abs_dev":{"confidence_interval":{"confidence_level":0.95,"lower_bound":128770.10876387358,"upper_bound":214961.42888367176},"point_estimate":177464.25164937973,"standard_error":21015.894260898163},"slope":null,"std_dev":{"confidence_interval":{"confidence_level":0.95,"lower_bound":162022.4010432595,"upper_bound":253353.21064203134},"point_estimate":206614.04263478532,"standard_error":23891.094346368216}}