{"mean":{"confidence_interval":{"confidence_level":0.95,"lower_bound":36487652.525,"upper_bound":36567981.875},"point_estimate":36526963.765,"standard_error":20457.459215409883},"median":{"confidence_interval":{"confidence_level":0.95,"lower_bound":36467833.5,"upper_bound":36550000.0},"point_estimate":36529802.0,"standard_error":20367.592231987786},"median_abs_dev":{"confidence_interval":{"confidence_level":0.95,"lower_bound":127596.26023471355,"upper_bound":225988.26618790627},"point_estimate":183409.8481938243,"standard_error":25139.2041429446},"slope":null,"std_dev":{"confidence_interval":{"confidence_level":0.95,"lower_bound":173691.0265371102,"upper_bound":235162.330050674},"point_estimate":206348.6910324495,"standard_error":15654.739969068303}}