{"mean":{"confidence_interval":{"confidence_level":0.95,"lower_bound":38828339.70625,"upper_bound":38937407.9155},"point_estimate":38883654.975,"standard_error":27832.274955477555},"median":{"confidence_interval":{"confidence_level":0.95,"lower_bound":38880708.5,"upper_bound":38987104.0},"point_estimate":38940500.25,"standard_error":30866.832480453053},"median_abs_dev":{"confidence_interval":{"confidence_level":0.95,"lower_bound":136430.70282787085,"upper_bound":256505.0198948755},"point_estimate":177572.11079746485,"standard_error":31955.472820575036},"slope":null,"std_dev":{"confidence_interval":{"confidence_level":0.95,"lower_bound":231741.92338548086,"upper_bound":324074.0722427389},"point_estimate":280238.69517246634,"standard_error":23545.440867489902}}