{"mean":{"confidence_interval":{"confidence_level":0.95,"lower_bound":112274403.74,"upper_bound":116979389.95},"point_estimate":114620349.93,"standard_error":1194637.3949375825},"median":{"confidence_interval":{"confidence_level":0.95,"lower_bound":110312208.0,"upper_bound":116597458.0},"point_estimate":114470291.5,"standard_error":1673255.9208642847},"median_abs_dev":{"confidence_interval":{"confidence_level":0.95,"lower_bound":9283422.7909863,"upper_bound":14536923.876518011},"point_estimate":11683350.363779068,"standard_error":1348386.312542386},"slope":null,"std_dev":{"confidence_interval":{"confidence_level":0.95,"lower_bound":10205183.308262704,"upper_bound":13506291.731702724},"point_estimate":11941272.502093855,"standard_error":843488.8163024208}}