{"mean":{"confidence_interval":{"confidence_level":0.95,"lower_bound":35719344.93125,"upper_bound":36069756.404625},"point_estimate":35892786.455,"standard_error":89497.13624253968},"median":{"confidence_interval":{"confidence_level":0.95,"lower_bound":35640604.0,"upper_bound":36054489.5},"point_estimate":35820250.0,"standard_error":94859.77413379715},"median_abs_dev":{"confidence_interval":{"confidence_level":0.95,"lower_bound":661795.5632507801,"upper_bound":1105787.92411834},"point_estimate":844633.8691547513,"standard_error":113162.35165613661},"slope":null,"std_dev":{"confidence_interval":{"confidence_level":0.95,"lower_bound":770118.5597770867,"upper_bound":1017110.3507002675},"point_estimate":901176.7257439444,"standard_error":63058.41768563818}}