{"mean":{"confidence_interval":{"confidence_level":0.95,"lower_bound":5126187.493599998,"upper_bound":5194248.841999997},"point_estimate":5158626.338999999,"standard_error":17493.23528526185},"median":{"confidence_interval":{"confidence_level":0.95,"lower_bound":5086027.1,"upper_bound":5147141.7},"point_estimate":5106372.9,"standard_error":14014.0494624162},"median_abs_dev":{"confidence_interval":{"confidence_level":0.95,"lower_bound":88863.17283636416,"upper_bound":142227.5945949557},"point_estimate":116835.03071576412,"standard_error":13343.601022276212},"slope":null,"std_dev":{"confidence_interval":{"confidence_level":0.95,"lower_bound":130452.78713489832,"upper_bound":212478.87769766158},"point_estimate":175823.43524543833,"standard_error":20944.752001878434}}