{"mean":{"confidence_interval":{"confidence_level":0.95,"lower_bound":112462553.11,"upper_bound":114590921.6815},"point_estimate":113501800.78,"standard_error":542403.1883883771},"median":{"confidence_interval":{"confidence_level":0.95,"lower_bound":111451125.0,"upper_bound":114180667.0},"point_estimate":112166166.5,"standard_error":835234.3154689086},"median_abs_dev":{"confidence_interval":{"confidence_level":0.95,"lower_bound":3857910.456508398,"upper_bound":6166751.534718275},"point_estimate":4875683.462539315,"standard_error":573115.16739191},"slope":null,"std_dev":{"confidence_interval":{"confidence_level":0.95,"lower_bound":4455687.847946508,"upper_bound":6371069.376608503},"point_estimate":5439885.561057661,"standard_error":489383.3048116936}}