{"mean":{"confidence_interval":{"confidence_level":0.95,"lower_bound":56882931.55325,"upper_bound":58130121.213250004},"point_estimate":57496971.61,"standard_error":318457.3112178567},"median":{"confidence_interval":{"confidence_level":0.95,"lower_bound":55880583.0,"upper_bound":58373458.0},"point_estimate":56998291.5,"standard_error":654226.4997923893},"median_abs_dev":{"confidence_interval":{"confidence_level":0.95,"lower_bound":2802484.6002459526,"upper_bound":4625342.009183764},"point_estimate":3704832.0092260838,"standard_error":465914.7118585142},"slope":null,"std_dev":{"confidence_interval":{"confidence_level":0.95,"lower_bound":2829524.5208028774,"upper_bound":3545504.6952017653},"point_estimate":3207785.271771656,"standard_error":181892.40039064037}}