{"mean":{"confidence_interval":{"confidence_level":0.95,"lower_bound":80993683.7765,"upper_bound":81951105.2635},"point_estimate":81471002.48,"standard_error":244524.51866710943},"median":{"confidence_interval":{"confidence_level":0.95,"lower_bound":80942270.5,"upper_bound":82422479.0},"point_estimate":81431896.0,"standard_error":397672.9043647754},"median_abs_dev":{"confidence_interval":{"confidence_level":0.95,"lower_bound":1857234.4545274973,"upper_bound":3022097.0008445526},"point_estimate":2459602.2217333317,"standard_error":289766.4170777677},"slope":null,"std_dev":{"confidence_interval":{"confidence_level":0.95,"lower_bound":2099990.2820278034,"upper_bound":2779509.0233243573},"point_estimate":2449842.6094866325,"standard_error":172712.06352986768}}