{"mean":{"confidence_interval":{"confidence_level":0.95,"lower_bound":11341816.75405,"upper_bound":11514131.111599999},"point_estimate":11428718.410000002,"standard_error":44004.00424541948},"median":{"confidence_interval":{"confidence_level":0.95,"lower_bound":11323070.9,"upper_bound":11567041.6},"point_estimate":11401154.2,"standard_error":67568.68195038379},"median_abs_dev":{"confidence_interval":{"confidence_level":0.95,"lower_bound":352734.9966377028,"upper_bound":544142.3560330407},"point_estimate":458061.56744778267,"standard_error":48382.407564009365},"slope":null,"std_dev":{"confidence_interval":{"confidence_level":0.95,"lower_bound":376389.5538831086,"upper_bound":505435.5857776773},"point_estimate":442591.86810052645,"standard_error":32927.52085927652}}