{"mean":{"confidence_interval":{"confidence_level":0.95,"lower_bound":69092570.265,"upper_bound":69435680.1895},"point_estimate":69259989.17,"standard_error":87415.59821982584},"median":{"confidence_interval":{"confidence_level":0.95,"lower_bound":68972083.0,"upper_bound":69340166.0},"point_estimate":69138854.0,"standard_error":97246.10214222294},"median_abs_dev":{"confidence_interval":{"confidence_level":0.95,"lower_bound":759524.8470157385,"upper_bound":1176875.9983062744},"point_estimate":1058545.2466070652,"standard_error":100514.76103173368},"slope":null,"std_dev":{"confidence_interval":{"confidence_level":0.95,"lower_bound":719688.1854685674,"upper_bound":1043860.8513275159},"point_estimate":878394.1563461077,"standard_error":84117.2024566519}}