{"mean":{"confidence_interval":{"confidence_level":0.95,"lower_bound":69179916.28,"upper_bound":69478753.75},"point_estimate":69325664.99,"standard_error":76544.50415245273},"median":{"confidence_interval":{"confidence_level":0.95,"lower_bound":69066584.0,"upper_bound":69431875.0},"point_estimate":69241333.0,"standard_error":92270.71338838816},"median_abs_dev":{"confidence_interval":{"confidence_level":0.95,"lower_bound":509642.25835204124,"upper_bound":992415.3573811054},"point_estimate":734998.1956511736,"standard_error":128193.0507405723},"slope":null,"std_dev":{"confidence_interval":{"confidence_level":0.95,"lower_bound":637144.5762289334,"upper_bound":888805.8848139333},"point_estimate":769671.5155477206,"standard_error":64187.597067097704}}