{"mean":{"confidence_interval":{"confidence_level":0.95,"lower_bound":57303432.7215,"upper_bound":58466754.88625},"point_estimate":57880536.21,"standard_error":296596.2135716102},"median":{"confidence_interval":{"confidence_level":0.95,"lower_bound":56999750.0,"upper_bound":58603125.0},"point_estimate":57502792.0,"standard_error":429566.0376961361},"median_abs_dev":{"confidence_interval":{"confidence_level":0.95,"lower_bound":2472574.9715030193,"upper_bound":3903500.4056990147},"point_estimate":3168995.915839076,"standard_error":367469.43695116433},"slope":null,"std_dev":{"confidence_interval":{"confidence_level":0.95,"lower_bound":2574696.488552219,"upper_bound":3336097.0562092103},"point_estimate":2971138.8887667735,"standard_error":194514.5398639914}}