{"mean":{"confidence_interval":{"confidence_level":0.95,"lower_bound":96654124.97,"upper_bound":96766617.13},"point_estimate":96712380.86,"standard_error":28658.237675959976},"median":{"confidence_interval":{"confidence_level":0.95,"lower_bound":96700167.0,"upper_bound":96857833.0},"point_estimate":96787395.5,"standard_error":45897.404474333234},"median_abs_dev":{"confidence_interval":{"confidence_level":0.95,"lower_bound":171734.74405109882,"upper_bound":313724.0848302841},"point_estimate":244599.3436574936,"standard_error":39582.79308037767},"slope":null,"std_dev":{"confidence_interval":{"confidence_level":0.95,"lower_bound":228312.90118325478,"upper_bound":350959.50664284604},"point_estimate":287051.3167537488,"standard_error":32070.77395506968}}