{"mean":{"confidence_interval":{"confidence_level":0.95,"lower_bound":121766437.2425,"upper_bound":122487638.81},"point_estimate":122119734.63,"standard_error":184582.7483898205},"median":{"confidence_interval":{"confidence_level":0.95,"lower_bound":121265209.0,"upper_bound":122241959.0},"point_estimate":121934750.0,"standard_error":250679.45084265113},"median_abs_dev":{"confidence_interval":{"confidence_level":0.95,"lower_bound":1384315.4562234879,"upper_bound":2312762.555140257},"point_estimate":1888369.7952747345,"standard_error":237569.38360464323},"slope":null,"std_dev":{"confidence_interval":{"confidence_level":0.95,"lower_bound":1574111.8274907246,"upper_bound":2096501.2911113778},"point_estimate":1849720.843691365,"standard_error":133727.77509254863}}