{"mean":{"confidence_interval":{"confidence_level":0.95,"lower_bound":604610083.2315,"upper_bound":607121945.0625},"point_estimate":605879607.48,"standard_error":641952.416680862},"median":{"confidence_interval":{"confidence_level":0.95,"lower_bound":606036000.0,"upper_bound":609287208.0},"point_estimate":608248333.0,"standard_error":932304.1741786851},"median_abs_dev":{"confidence_interval":{"confidence_level":0.95,"lower_bound":3657357.6754689217,"upper_bound":8594785.496512055},"point_estimate":5506437.830141187,"standard_error":1348905.7076549057},"slope":null,"std_dev":{"confidence_interval":{"confidence_level":0.95,"lower_bound":5649025.981022664,"upper_bound":7196976.786804506},"point_estimate":6449077.839837818,"standard_error":394127.43092737393}}