{"mean":{"confidence_interval":{"confidence_level":0.95,"lower_bound":673515020.85,"upper_bound":674914478.73},"point_estimate":674183112.96,"standard_error":354240.8258005573},"median":{"confidence_interval":{"confidence_level":0.95,"lower_bound":673012292.0,"upper_bound":674149292.0},"point_estimate":673737125.0,"standard_error":327019.50298305764},"median_abs_dev":{"confidence_interval":{"confidence_level":0.95,"lower_bound":2144426.671528816,"upper_bound":3467863.607633114},"point_estimate":2792909.2283159494,"standard_error":330212.65004022483},"slope":null,"std_dev":{"confidence_interval":{"confidence_level":0.95,"lower_bound":2632069.9907147754,"upper_bound":4513816.935934435},"point_estimate":3554178.5284646675,"standard_error":492015.9130893666}}