{"mean":{"confidence_interval":{"confidence_level":0.95,"lower_bound":38551741.869375,"upper_bound":38600104.260625},"point_estimate":38575255.435,"standard_error":12323.347620945178},"median":{"confidence_interval":{"confidence_level":0.95,"lower_bound":38498937.5,"upper_bound":38551323.0},"point_estimate":38512323.0,"standard_error":13066.249448918663},"median_abs_dev":{"confidence_interval":{"confidence_level":0.95,"lower_bound":45512.4833419919,"upper_bound":121001.65555179119},"point_estimate":70871.61459177732,"standard_error":18382.29924223695},"slope":null,"std_dev":{"confidence_interval":{"confidence_level":0.95,"lower_bound":104307.56612130445,"upper_bound":141990.14539216584},"point_estimate":124038.02300349044,"standard_error":9646.595733167365}}