{"mean":{"confidence_interval":{"confidence_level":0.95,"lower_bound":2300561.659136364,"upper_bound":2319147.0876250006},"point_estimate":2309194.20409091,"standard_error":4737.267433175509},"median":{"confidence_interval":{"confidence_level":0.95,"lower_bound":2292015.1818181816,"upper_bound":2310792.590909091},"point_estimate":2301532.2045454546,"standard_error":4365.4161889849065},"median_abs_dev":{"confidence_interval":{"confidence_level":0.95,"lower_bound":24159.674175625874,"upper_bound":41832.90607549906},"point_estimate":31457.50298242671,"standard_error":4619.421612672597},"slope":null,"std_dev":{"confidence_interval":{"confidence_level":0.95,"lower_bound":31016.882111126826,"upper_bound":66378.37112465563},"point_estimate":47598.394207056466,"standard_error":10222.092931242814}}