{"mean":{"confidence_interval":{"confidence_level":0.95,"lower_bound":2279697.44,"upper_bound":2298674.994545455},"point_estimate":2288037.004090909,"standard_error":4866.709351132229},"median":{"confidence_interval":{"confidence_level":0.95,"lower_bound":2277439.3863636367,"upper_bound":2291024.6363636362},"point_estimate":2283522.7272727275,"standard_error":3080.005834382227},"median_abs_dev":{"confidence_interval":{"confidence_level":0.95,"lower_bound":24961.287340257742,"upper_bound":37585.89736453499},"point_estimate":31430.84987835476,"standard_error":3142.9304552872186},"slope":null,"std_dev":{"confidence_interval":{"confidence_level":0.95,"lower_bound":26829.48169027347,"upper_bound":73369.47313856294},"point_estimate":48835.722883468894,"standard_error":14508.778007610696}}