{"mean":{"confidence_interval":{"confidence_level":0.95,"lower_bound":6173077.76890625,"upper_bound":6269166.878343751},"point_estimate":6212589.065,"standard_error":25009.78899900453},"median":{"confidence_interval":{"confidence_level":0.95,"lower_bound":6150929.625,"upper_bound":6199770.875},"point_estimate":6168804.625,"standard_error":9926.467838205059},"median_abs_dev":{"confidence_interval":{"confidence_level":0.95,"lower_bound":59006.83031491935,"upper_bound":92129.78165186942},"point_estimate":77871.33971750736,"standard_error":8363.84462433697},"slope":null,"std_dev":{"confidence_interval":{"confidence_level":0.95,"lower_bound":83530.70452738962,"upper_bound":403215.7301716669},"point_estimate":251618.98269116235,"standard_error":96917.80751496635}}