{"mean":{"confidence_interval":{"confidence_level":0.95,"lower_bound":6133824.769999998,"upper_bound":6162730.014333337},"point_estimate":6147559.12,"standard_error":7368.434912742216},"median":{"confidence_interval":{"confidence_level":0.95,"lower_bound":6124921.333333333,"upper_bound":6148291.666666667},"point_estimate":6135928.277777778,"standard_error":6075.492501503077},"median_abs_dev":{"confidence_interval":{"confidence_level":0.95,"lower_bound":40459.2472483716,"upper_bound":61946.82400355804},"point_estimate":51019.31266089273,"standard_error":5366.637812015602},"slope":null,"std_dev":{"confidence_interval":{"confidence_level":0.95,"lower_bound":54136.97545292817,"upper_bound":92494.79778007708},"point_estimate":73928.27249189778,"standard_error":9838.839338029222}}