{"mean":{"confidence_interval":{"confidence_level":0.95,"lower_bound":116690050.877,"upper_bound":117603509.36625},"point_estimate":117141361.33,"standard_error":233314.76038009737},"median":{"confidence_interval":{"confidence_level":0.95,"lower_bound":116276166.5,"upper_bound":117624208.0},"point_estimate":116978146.0,"standard_error":377424.87030687364},"median_abs_dev":{"confidence_interval":{"confidence_level":0.95,"lower_bound":1655753.4547095003,"upper_bound":2940952.7660876513},"point_estimate":2137878.027445078,"standard_error":329943.3145359371},"slope":null,"std_dev":{"confidence_interval":{"confidence_level":0.95,"lower_bound":2015468.3134548324,"upper_bound":2632545.060105592},"point_estimate":2343337.1106969086,"standard_error":157584.37678852148}}