{"mean":{"confidence_interval":{"confidence_level":0.95,"lower_bound":14159518.6291875,"upper_bound":14384990.80175},"point_estimate":14272136.5825,"standard_error":57620.48013102608},"median":{"confidence_interval":{"confidence_level":0.95,"lower_bound":14128021.0,"upper_bound":14402656.25},"point_estimate":14289385.5,"standard_error":74675.64987391095},"median_abs_dev":{"confidence_interval":{"confidence_level":0.95,"lower_bound":429629.6736225486,"upper_bound":725956.374386698},"point_estimate":597194.4199226797,"standard_error":76745.20983456686},"slope":null,"std_dev":{"confidence_interval":{"confidence_level":0.95,"lower_bound":501033.07696195657,"upper_bound":650024.1924101383},"point_estimate":580198.7754010094,"standard_error":38034.762646157935}}