{"mean":{"confidence_interval":{"confidence_level":0.95,"lower_bound":15241136.792875,"upper_bound":15552708.292187499},"point_estimate":15391971.35,"standard_error":79524.97187851796},"median":{"confidence_interval":{"confidence_level":0.95,"lower_bound":15206265.625,"upper_bound":15500437.5},"point_estimate":15409375.125,"standard_error":86407.94542919612},"median_abs_dev":{"confidence_interval":{"confidence_level":0.95,"lower_bound":457142.6519840956,"upper_bound":795739.5752727985},"point_estimate":671169.8575593531,"standard_error":87237.13894149545},"slope":null,"std_dev":{"confidence_interval":{"confidence_level":0.95,"lower_bound":607283.0501153587,"upper_bound":976948.1653910774},"point_estimate":799948.7812173703,"standard_error":94495.59140948566}}