{"mean":{"confidence_interval":{"confidence_level":0.95,"lower_bound":14986408.913875,"upper_bound":15249277.662500001},"point_estimate":15117593.7525,"standard_error":66992.18949472257},"median":{"confidence_interval":{"confidence_level":0.95,"lower_bound":14945604.25,"upper_bound":15300156.25},"point_estimate":15110302.125,"standard_error":88055.51464108325},"median_abs_dev":{"confidence_interval":{"confidence_level":0.95,"lower_bound":469428.2166659832,"upper_bound":787492.242269218},"point_estimate":591302.567627281,"standard_error":82329.06979404819},"slope":null,"std_dev":{"confidence_interval":{"confidence_level":0.95,"lower_bound":569580.2394285047,"upper_bound":764462.1145480061},"point_estimate":671392.8264647984,"standard_error":49724.500930509486}}